-- Insert system profil
INSERT OR IGNORE INTO profil (`id_profil`, `nom`) VALUES (1, 'system');

-- Insert ile
INSERT OR IGNORE INTO ile (`id_ile`, `id_map`, `x`, `y`, `n`) VALUES (1, 1, 0, 0, 3);
INSERT OR IGNORE INTO ile (`id_ile`, `id_map`, `x`, `y`, `n`) VALUES (2, 1, 0, 2, 3);
INSERT OR IGNORE INTO ile (`id_ile`, `id_map`, `x`, `y`, `n`) VALUES (3, 1, 0, 4, 2);
INSERT OR IGNORE INTO ile (`id_ile`, `id_map`, `x`, `y`, `n`) VALUES (4, 1, 0, 6, 3);
INSERT OR IGNORE INTO ile (`id_ile`, `id_map`, `x`, `y`, `n`) VALUES (5, 1, 0, 8, 2);
INSERT OR IGNORE INTO ile (`id_ile`, `id_map`, `x`, `y`, `n`) VALUES (6, 1, 1, 1, 2);
INSERT OR IGNORE INTO ile (`id_ile`, `id_map`, `x`, `y`, `n`) VALUES (7, 1, 1, 3, 4);
INSERT OR IGNORE INTO ile (`id_ile`, `id_map`, `x`, `y`, `n`) VALUES (8, 1, 1, 5, 5);
INSERT OR IGNORE INTO ile (`id_ile`, `id_map`, `x`, `y`, `n`) VALUES (9, 1, 1, 7, 4);
INSERT OR IGNORE INTO ile (`id_ile`, `id_map`, `x`, `y`, `n`) VALUES (10, 1, 1, 9, 4);
INSERT OR IGNORE INTO ile (`id_ile`, `id_map`, `x`, `y`, `n`) VALUES (11, 1, 2, 0, 2);
INSERT OR IGNORE INTO ile (`id_ile`, `id_map`, `x`, `y`, `n`) VALUES (12, 1, 2, 6, 1);
INSERT OR IGNORE INTO ile (`id_ile`, `id_map`, `x`, `y`, `n`) VALUES (13, 1, 2, 8, 2);
INSERT OR IGNORE INTO ile (`id_ile`, `id_map`, `x`, `y`, `n`) VALUES (14, 1, 3, 1, 5);
INSERT OR IGNORE INTO ile (`id_ile`, `id_map`, `x`, `y`, `n`) VALUES (15, 1, 3, 3, 4);
INSERT OR IGNORE INTO ile (`id_ile`, `id_map`, `x`, `y`, `n`) VALUES (16, 1, 3, 9, 3);
INSERT OR IGNORE INTO ile (`id_ile`, `id_map`, `x`, `y`, `n`) VALUES (17, 1, 4, 2, 1);
INSERT OR IGNORE INTO ile (`id_ile`, `id_map`, `x`, `y`, `n`) VALUES (18, 1, 4, 5, 7);
INSERT OR IGNORE INTO ile (`id_ile`, `id_map`, `x`, `y`, `n`) VALUES (19, 1, 4, 7, 4);
INSERT OR IGNORE INTO ile (`id_ile`, `id_map`, `x`, `y`, `n`) VALUES (20, 1, 5, 0, 3);
INSERT OR IGNORE INTO ile (`id_ile`, `id_map`, `x`, `y`, `n`) VALUES (21, 1, 5, 8, 3);
INSERT OR IGNORE INTO ile (`id_ile`, `id_map`, `x`, `y`, `n`) VALUES (22, 1, 6, 1, 4);
INSERT OR IGNORE INTO ile (`id_ile`, `id_map`, `x`, `y`, `n`) VALUES (23, 1, 6, 3, 6);
INSERT OR IGNORE INTO ile (`id_ile`, `id_map`, `x`, `y`, `n`) VALUES (24, 1, 6, 5, 6);
INSERT OR IGNORE INTO ile (`id_ile`, `id_map`, `x`, `y`, `n`) VALUES (25, 1, 7, 7, 2);
INSERT OR IGNORE INTO ile (`id_ile`, `id_map`, `x`, `y`, `n`) VALUES (26, 1, 7, 9, 2);
INSERT OR IGNORE INTO ile (`id_ile`, `id_map`, `x`, `y`, `n`) VALUES (27, 1, 8, 0, 3);
INSERT OR IGNORE INTO ile (`id_ile`, `id_map`, `x`, `y`, `n`) VALUES (28, 1, 8, 3, 4);
INSERT OR IGNORE INTO ile (`id_ile`, `id_map`, `x`, `y`, `n`) VALUES (29, 1, 8, 5, 4);
INSERT OR IGNORE INTO ile (`id_ile`, `id_map`, `x`, `y`, `n`) VALUES (30, 1, 8, 8, 3);
INSERT OR IGNORE INTO ile (`id_ile`, `id_map`, `x`, `y`, `n`) VALUES (31, 1, 9, 2, 1);
INSERT OR IGNORE INTO ile (`id_ile`, `id_map`, `x`, `y`, `n`) VALUES (32, 1, 9, 4, 2);
INSERT OR IGNORE INTO ile (`id_ile`, `id_map`, `x`, `y`, `n`) VALUES (33, 1, 9, 6, 2);
INSERT OR IGNORE INTO ile (`id_ile`, `id_map`, `x`, `y`, `n`) VALUES (34, 1, 9, 9, 2);
INSERT OR IGNORE INTO ile (`id_ile`, `id_map`, `x`, `y`, `n`) VALUES (35, 1, 0, 0, 3);
INSERT OR IGNORE INTO ile (`id_ile`, `id_map`, `x`, `y`, `n`) VALUES (36, 1, 0, 2, 3);
INSERT OR IGNORE INTO ile (`id_ile`, `id_map`, `x`, `y`, `n`) VALUES (37, 1, 0, 4, 2);
INSERT OR IGNORE INTO ile (`id_ile`, `id_map`, `x`, `y`, `n`) VALUES (38, 1, 0, 6, 3);
INSERT OR IGNORE INTO ile (`id_ile`, `id_map`, `x`, `y`, `n`) VALUES (39, 1, 0, 8, 2);
INSERT OR IGNORE INTO ile (`id_ile`, `id_map`, `x`, `y`, `n`) VALUES (40, 1, 1, 1, 2);
INSERT OR IGNORE INTO ile (`id_ile`, `id_map`, `x`, `y`, `n`) VALUES (41, 1, 1, 3, 4);
INSERT OR IGNORE INTO ile (`id_ile`, `id_map`, `x`, `y`, `n`) VALUES (42, 1, 1, 5, 5);
INSERT OR IGNORE INTO ile (`id_ile`, `id_map`, `x`, `y`, `n`) VALUES (43, 1, 1, 7, 4);
INSERT OR IGNORE INTO ile (`id_ile`, `id_map`, `x`, `y`, `n`) VALUES (44, 1, 1, 9, 4);
INSERT OR IGNORE INTO ile (`id_ile`, `id_map`, `x`, `y`, `n`) VALUES (45, 1, 2, 0, 2);
INSERT OR IGNORE INTO ile (`id_ile`, `id_map`, `x`, `y`, `n`) VALUES (46, 1, 2, 6, 1);
INSERT OR IGNORE INTO ile (`id_ile`, `id_map`, `x`, `y`, `n`) VALUES (47, 1, 2, 8, 2);
INSERT OR IGNORE INTO ile (`id_ile`, `id_map`, `x`, `y`, `n`) VALUES (48, 1, 3, 1, 5);
INSERT OR IGNORE INTO ile (`id_ile`, `id_map`, `x`, `y`, `n`) VALUES (49, 1, 3, 3, 4);
INSERT OR IGNORE INTO ile (`id_ile`, `id_map`, `x`, `y`, `n`) VALUES (50, 1, 3, 9, 3);
INSERT OR IGNORE INTO ile (`id_ile`, `id_map`, `x`, `y`, `n`) VALUES (51, 1, 4, 2, 1);
INSERT OR IGNORE INTO ile (`id_ile`, `id_map`, `x`, `y`, `n`) VALUES (52, 1, 4, 5, 7);
INSERT OR IGNORE INTO ile (`id_ile`, `id_map`, `x`, `y`, `n`) VALUES (53, 1, 4, 7, 4);
INSERT OR IGNORE INTO ile (`id_ile`, `id_map`, `x`, `y`, `n`) VALUES (54, 1, 5, 0, 3);
INSERT OR IGNORE INTO ile (`id_ile`, `id_map`, `x`, `y`, `n`) VALUES (55, 1, 5, 8, 3);
INSERT OR IGNORE INTO ile (`id_ile`, `id_map`, `x`, `y`, `n`) VALUES (56, 1, 6, 1, 4);
INSERT OR IGNORE INTO ile (`id_ile`, `id_map`, `x`, `y`, `n`) VALUES (57, 1, 6, 3, 6);
INSERT OR IGNORE INTO ile (`id_ile`, `id_map`, `x`, `y`, `n`) VALUES (58, 1, 6, 5, 6);
INSERT OR IGNORE INTO ile (`id_ile`, `id_map`, `x`, `y`, `n`) VALUES (59, 1, 7, 7, 2);
INSERT OR IGNORE INTO ile (`id_ile`, `id_map`, `x`, `y`, `n`) VALUES (60, 1, 7, 9, 2);
INSERT OR IGNORE INTO ile (`id_ile`, `id_map`, `x`, `y`, `n`) VALUES (61, 1, 8, 0, 3);
INSERT OR IGNORE INTO ile (`id_ile`, `id_map`, `x`, `y`, `n`) VALUES (62, 1, 8, 3, 4);
INSERT OR IGNORE INTO ile (`id_ile`, `id_map`, `x`, `y`, `n`) VALUES (63, 1, 8, 5, 4);
INSERT OR IGNORE INTO ile (`id_ile`, `id_map`, `x`, `y`, `n`) VALUES (64, 1, 8, 8, 3);
INSERT OR IGNORE INTO ile (`id_ile`, `id_map`, `x`, `y`, `n`) VALUES (65, 1, 9, 2, 1);
INSERT OR IGNORE INTO ile (`id_ile`, `id_map`, `x`, `y`, `n`) VALUES (66, 1, 9, 4, 2);
INSERT OR IGNORE INTO ile (`id_ile`, `id_map`, `x`, `y`, `n`) VALUES (67, 1, 9, 6, 2);
INSERT OR IGNORE INTO ile (`id_ile`, `id_map`, `x`, `y`, `n`) VALUES (68, 1, 9, 9, 2);
INSERT OR IGNORE INTO ile (`id_ile`, `id_map`, `x`, `y`, `n`) VALUES (69, 2, 0, 1, 1);
INSERT OR IGNORE INTO ile (`id_ile`, `id_map`, `x`, `y`, `n`) VALUES (70, 2, 0, 3, 3);
INSERT OR IGNORE INTO ile (`id_ile`, `id_map`, `x`, `y`, `n`) VALUES (71, 2, 0, 6, 4);
INSERT OR IGNORE INTO ile (`id_ile`, `id_map`, `x`, `y`, `n`) VALUES (72, 2, 2, 0, 4);
INSERT OR IGNORE INTO ile (`id_ile`, `id_map`, `x`, `y`, `n`) VALUES (73, 2, 2, 2, 4);
INSERT OR IGNORE INTO ile (`id_ile`, `id_map`, `x`, `y`, `n`) VALUES (74, 2, 2, 5, 3);
INSERT OR IGNORE INTO ile (`id_ile`, `id_map`, `x`, `y`, `n`) VALUES (75, 2, 3, 6, 3);
INSERT OR IGNORE INTO ile (`id_ile`, `id_map`, `x`, `y`, `n`) VALUES (76, 2, 4, 0, 5);
INSERT OR IGNORE INTO ile (`id_ile`, `id_map`, `x`, `y`, `n`) VALUES (77, 2, 4, 2, 5);
INSERT OR IGNORE INTO ile (`id_ile`, `id_map`, `x`, `y`, `n`) VALUES (78, 2, 4, 4, 2);
INSERT OR IGNORE INTO ile (`id_ile`, `id_map`, `x`, `y`, `n`) VALUES (79, 2, 5, 3, 1);
INSERT OR IGNORE INTO ile (`id_ile`, `id_map`, `x`, `y`, `n`) VALUES (80, 2, 5, 5, 3);
INSERT OR IGNORE INTO ile (`id_ile`, `id_map`, `x`, `y`, `n`) VALUES (81, 2, 6, 0, 4);
INSERT OR IGNORE INTO ile (`id_ile`, `id_map`, `x`, `y`, `n`) VALUES (82, 2, 6, 2, 4);
INSERT OR IGNORE INTO ile (`id_ile`, `id_map`, `x`, `y`, `n`) VALUES (83, 2, 6, 4, 2);
INSERT OR IGNORE INTO ile (`id_ile`, `id_map`, `x`, `y`, `n`) VALUES (84, 2, 6, 6, 2);
INSERT OR IGNORE INTO ile (`id_ile`, `id_map`, `x`, `y`, `n`) VALUES (85, 3, 0, 0, 2);
INSERT OR IGNORE INTO ile (`id_ile`, `id_map`, `x`, `y`, `n`) VALUES (86, 3, 0, 3, 3);
INSERT OR IGNORE INTO ile (`id_ile`, `id_map`, `x`, `y`, `n`) VALUES (87, 3, 0, 5, 4);
INSERT OR IGNORE INTO ile (`id_ile`, `id_map`, `x`, `y`, `n`) VALUES (88, 3, 0, 7, 2);
INSERT OR IGNORE INTO ile (`id_ile`, `id_map`, `x`, `y`, `n`) VALUES (89, 3, 1, 1, 3);
INSERT OR IGNORE INTO ile (`id_ile`, `id_map`, `x`, `y`, `n`) VALUES (90, 3, 1, 4, 5);
INSERT OR IGNORE INTO ile (`id_ile`, `id_map`, `x`, `y`, `n`) VALUES (91, 3, 1, 6, 2);
INSERT OR IGNORE INTO ile (`id_ile`, `id_map`, `x`, `y`, `n`) VALUES (92, 3, 2, 0, 3);
INSERT OR IGNORE INTO ile (`id_ile`, `id_map`, `x`, `y`, `n`) VALUES (93, 3, 2, 5, 2);
INSERT OR IGNORE INTO ile (`id_ile`, `id_map`, `x`, `y`, `n`) VALUES (94, 3, 2, 7, 3);
INSERT OR IGNORE INTO ile (`id_ile`, `id_map`, `x`, `y`, `n`) VALUES (95, 3, 3, 2, 3);
INSERT OR IGNORE INTO ile (`id_ile`, `id_map`, `x`, `y`, `n`) VALUES (96, 3, 3, 4, 8);
INSERT OR IGNORE INTO ile (`id_ile`, `id_map`, `x`, `y`, `n`) VALUES (97, 3, 3, 6, 2);
INSERT OR IGNORE INTO ile (`id_ile`, `id_map`, `x`, `y`, `n`) VALUES (98, 3, 4, 1, 2);
INSERT OR IGNORE INTO ile (`id_ile`, `id_map`, `x`, `y`, `n`) VALUES (99, 3, 5, 0, 4);
INSERT OR IGNORE INTO ile (`id_ile`, `id_map`, `x`, `y`, `n`) VALUES (100, 3, 5, 2, 6);
INSERT OR IGNORE INTO ile (`id_ile`, `id_map`, `x`, `y`, `n`) VALUES (101, 3, 5, 4, 7);
INSERT OR IGNORE INTO ile (`id_ile`, `id_map`, `x`, `y`, `n`) VALUES (102, 3, 5, 7, 5);
INSERT OR IGNORE INTO ile (`id_ile`, `id_map`, `x`, `y`, `n`) VALUES (103, 3, 7, 0, 3);
INSERT OR IGNORE INTO ile (`id_ile`, `id_map`, `x`, `y`, `n`) VALUES (104, 3, 7, 2, 4);
INSERT OR IGNORE INTO ile (`id_ile`, `id_map`, `x`, `y`, `n`) VALUES (105, 3, 7, 4, 3);
INSERT OR IGNORE INTO ile (`id_ile`, `id_map`, `x`, `y`, `n`) VALUES (106, 3, 7, 7, 4);
INSERT OR IGNORE INTO ile (`id_ile`, `id_map`, `x`, `y`, `n`) VALUES (107, 4, 0, 0, 3);
INSERT OR IGNORE INTO ile (`id_ile`, `id_map`, `x`, `y`, `n`) VALUES (108, 4, 0, 2, 3);
INSERT OR IGNORE INTO ile (`id_ile`, `id_map`, `x`, `y`, `n`) VALUES (109, 4, 0, 5, 2);
INSERT OR IGNORE INTO ile (`id_ile`, `id_map`, `x`, `y`, `n`) VALUES (110, 4, 0, 7, 2);
INSERT OR IGNORE INTO ile (`id_ile`, `id_map`, `x`, `y`, `n`) VALUES (111, 4, 1, 1, 1);
INSERT OR IGNORE INTO ile (`id_ile`, `id_map`, `x`, `y`, `n`) VALUES (112, 4, 1, 4, 4);
INSERT OR IGNORE INTO ile (`id_ile`, `id_map`, `x`, `y`, `n`) VALUES (113, 4, 1, 6, 3);
INSERT OR IGNORE INTO ile (`id_ile`, `id_map`, `x`, `y`, `n`) VALUES (114, 4, 2, 7, 2);
INSERT OR IGNORE INTO ile (`id_ile`, `id_map`, `x`, `y`, `n`) VALUES (115, 4, 3, 0, 3);
INSERT OR IGNORE INTO ile (`id_ile`, `id_map`, `x`, `y`, `n`) VALUES (116, 4, 3, 2, 2);
INSERT OR IGNORE INTO ile (`id_ile`, `id_map`, `x`, `y`, `n`) VALUES (117, 4, 3, 4, 2);
INSERT OR IGNORE INTO ile (`id_ile`, `id_map`, `x`, `y`, `n`) VALUES (118, 4, 3, 6, 2);
INSERT OR IGNORE INTO ile (`id_ile`, `id_map`, `x`, `y`, `n`) VALUES (119, 4, 4, 1, 2);
INSERT OR IGNORE INTO ile (`id_ile`, `id_map`, `x`, `y`, `n`) VALUES (120, 4, 4, 3, 4);
INSERT OR IGNORE INTO ile (`id_ile`, `id_map`, `x`, `y`, `n`) VALUES (121, 4, 4, 5, 1);
INSERT OR IGNORE INTO ile (`id_ile`, `id_map`, `x`, `y`, `n`) VALUES (122, 4, 4, 7, 2);
INSERT OR IGNORE INTO ile (`id_ile`, `id_map`, `x`, `y`, `n`) VALUES (123, 4, 5, 0, 2);
INSERT OR IGNORE INTO ile (`id_ile`, `id_map`, `x`, `y`, `n`) VALUES (124, 4, 5, 2, 1);
INSERT OR IGNORE INTO ile (`id_ile`, `id_map`, `x`, `y`, `n`) VALUES (125, 4, 5, 4, 1);
INSERT OR IGNORE INTO ile (`id_ile`, `id_map`, `x`, `y`, `n`) VALUES (126, 4, 5, 6, 3);
INSERT OR IGNORE INTO ile (`id_ile`, `id_map`, `x`, `y`, `n`) VALUES (127, 4, 6, 7, 1);
INSERT OR IGNORE INTO ile (`id_ile`, `id_map`, `x`, `y`, `n`) VALUES (128, 4, 7, 1, 1);
INSERT OR IGNORE INTO ile (`id_ile`, `id_map`, `x`, `y`, `n`) VALUES (129, 4, 7, 3, 3);
INSERT OR IGNORE INTO ile (`id_ile`, `id_map`, `x`, `y`, `n`) VALUES (130, 4, 7, 6, 2);
INSERT OR IGNORE INTO ile (`id_ile`, `id_map`, `x`, `y`, `n`) VALUES (131, 5, 0, 0, 2);
INSERT OR IGNORE INTO ile (`id_ile`, `id_map`, `x`, `y`, `n`) VALUES (132, 5, 0, 2, 2);
INSERT OR IGNORE INTO ile (`id_ile`, `id_map`, `x`, `y`, `n`) VALUES (133, 5, 0, 4, 2);
INSERT OR IGNORE INTO ile (`id_ile`, `id_map`, `x`, `y`, `n`) VALUES (134, 5, 0, 6, 2);
INSERT OR IGNORE INTO ile (`id_ile`, `id_map`, `x`, `y`, `n`) VALUES (135, 5, 0, 8, 1);
INSERT OR IGNORE INTO ile (`id_ile`, `id_map`, `x`, `y`, `n`) VALUES (136, 5, 1, 1, 1);
INSERT OR IGNORE INTO ile (`id_ile`, `id_map`, `x`, `y`, `n`) VALUES (137, 5, 1, 3, 3);
INSERT OR IGNORE INTO ile (`id_ile`, `id_map`, `x`, `y`, `n`) VALUES (138, 5, 1, 5, 3);
INSERT OR IGNORE INTO ile (`id_ile`, `id_map`, `x`, `y`, `n`) VALUES (139, 5, 1, 9, 3);
INSERT OR IGNORE INTO ile (`id_ile`, `id_map`, `x`, `y`, `n`) VALUES (140, 5, 2, 0, 4);
INSERT OR IGNORE INTO ile (`id_ile`, `id_map`, `x`, `y`, `n`) VALUES (141, 5, 2, 2, 2);
INSERT OR IGNORE INTO ile (`id_ile`, `id_map`, `x`, `y`, `n`) VALUES (142, 5, 2, 4, 4);
INSERT OR IGNORE INTO ile (`id_ile`, `id_map`, `x`, `y`, `n`) VALUES (143, 5, 2, 7, 3);
INSERT OR IGNORE INTO ile (`id_ile`, `id_map`, `x`, `y`, `n`) VALUES (144, 5, 3, 1, 1);
INSERT OR IGNORE INTO ile (`id_ile`, `id_map`, `x`, `y`, `n`) VALUES (145, 5, 3, 9, 3);
INSERT OR IGNORE INTO ile (`id_ile`, `id_map`, `x`, `y`, `n`) VALUES (146, 5, 4, 2, 2);
INSERT OR IGNORE INTO ile (`id_ile`, `id_map`, `x`, `y`, `n`) VALUES (147, 5, 4, 4, 4);
INSERT OR IGNORE INTO ile (`id_ile`, `id_map`, `x`, `y`, `n`) VALUES (148, 5, 4, 6, 2);
INSERT OR IGNORE INTO ile (`id_ile`, `id_map`, `x`, `y`, `n`) VALUES (149, 5, 5, 0, 3);
INSERT OR IGNORE INTO ile (`id_ile`, `id_map`, `x`, `y`, `n`) VALUES (150, 5, 5, 5, 1);
INSERT OR IGNORE INTO ile (`id_ile`, `id_map`, `x`, `y`, `n`) VALUES (151, 5, 5, 7, 3);
INSERT OR IGNORE INTO ile (`id_ile`, `id_map`, `x`, `y`, `n`) VALUES (152, 5, 6, 3, 1);
INSERT OR IGNORE INTO ile (`id_ile`, `id_map`, `x`, `y`, `n`) VALUES (153, 5, 6, 6, 1);
INSERT OR IGNORE INTO ile (`id_ile`, `id_map`, `x`, `y`, `n`) VALUES (154, 5, 6, 9, 3);
INSERT OR IGNORE INTO ile (`id_ile`, `id_map`, `x`, `y`, `n`) VALUES (155, 5, 7, 1, 2);
INSERT OR IGNORE INTO ile (`id_ile`, `id_map`, `x`, `y`, `n`) VALUES (156, 5, 7, 5, 2);
INSERT OR IGNORE INTO ile (`id_ile`, `id_map`, `x`, `y`, `n`) VALUES (157, 5, 7, 7, 4);
INSERT OR IGNORE INTO ile (`id_ile`, `id_map`, `x`, `y`, `n`) VALUES (158, 5, 8, 0, 1);
INSERT OR IGNORE INTO ile (`id_ile`, `id_map`, `x`, `y`, `n`) VALUES (159, 5, 8, 2, 1);
INSERT OR IGNORE INTO ile (`id_ile`, `id_map`, `x`, `y`, `n`) VALUES (160, 5, 8, 4, 2);
INSERT OR IGNORE INTO ile (`id_ile`, `id_map`, `x`, `y`, `n`) VALUES (161, 5, 8, 6, 1);
INSERT OR IGNORE INTO ile (`id_ile`, `id_map`, `x`, `y`, `n`) VALUES (162, 5, 9, 1, 3);
INSERT OR IGNORE INTO ile (`id_ile`, `id_map`, `x`, `y`, `n`) VALUES (163, 5, 9, 3, 4);
INSERT OR IGNORE INTO ile (`id_ile`, `id_map`, `x`, `y`, `n`) VALUES (164, 5, 9, 5, 3);
INSERT OR IGNORE INTO ile (`id_ile`, `id_map`, `x`, `y`, `n`) VALUES (165, 5, 9, 7, 4);
INSERT OR IGNORE INTO ile (`id_ile`, `id_map`, `x`, `y`, `n`) VALUES (166, 5, 9, 9, 3);
INSERT OR IGNORE INTO ile (`id_ile`, `id_map`, `x`, `y`, `n`) VALUES (167, 6, 0, 1, 3);
INSERT OR IGNORE INTO ile (`id_ile`, `id_map`, `x`, `y`, `n`) VALUES (168, 6, 0, 4, 3);
INSERT OR IGNORE INTO ile (`id_ile`, `id_map`, `x`, `y`, `n`) VALUES (169, 6, 0, 7, 3);
INSERT OR IGNORE INTO ile (`id_ile`, `id_map`, `x`, `y`, `n`) VALUES (170, 6, 0, 9, 3);
INSERT OR IGNORE INTO ile (`id_ile`, `id_map`, `x`, `y`, `n`) VALUES (171, 6, 1, 0, 1);
INSERT OR IGNORE INTO ile (`id_ile`, `id_map`, `x`, `y`, `n`) VALUES (172, 6, 2, 1, 4);
INSERT OR IGNORE INTO ile (`id_ile`, `id_map`, `x`, `y`, `n`) VALUES (173, 6, 2, 3, 2);
INSERT OR IGNORE INTO ile (`id_ile`, `id_map`, `x`, `y`, `n`) VALUES (174, 6, 2, 5, 2);
INSERT OR IGNORE INTO ile (`id_ile`, `id_map`, `x`, `y`, `n`) VALUES (175, 6, 2, 8, 2);
INSERT OR IGNORE INTO ile (`id_ile`, `id_map`, `x`, `y`, `n`) VALUES (176, 6, 3, 0, 2);
INSERT OR IGNORE INTO ile (`id_ile`, `id_map`, `x`, `y`, `n`) VALUES (177, 6, 3, 2, 1);
INSERT OR IGNORE INTO ile (`id_ile`, `id_map`, `x`, `y`, `n`) VALUES (178, 6, 3, 6, 1);
INSERT OR IGNORE INTO ile (`id_ile`, `id_map`, `x`, `y`, `n`) VALUES (179, 6, 3, 9, 3);
INSERT OR IGNORE INTO ile (`id_ile`, `id_map`, `x`, `y`, `n`) VALUES (180, 6, 4, 1, 2);
INSERT OR IGNORE INTO ile (`id_ile`, `id_map`, `x`, `y`, `n`) VALUES (181, 6, 4, 3, 1);
INSERT OR IGNORE INTO ile (`id_ile`, `id_map`, `x`, `y`, `n`) VALUES (182, 6, 4, 5, 4);
INSERT OR IGNORE INTO ile (`id_ile`, `id_map`, `x`, `y`, `n`) VALUES (183, 6, 4, 8, 3);
INSERT OR IGNORE INTO ile (`id_ile`, `id_map`, `x`, `y`, `n`) VALUES (184, 6, 5, 2, 4);
INSERT OR IGNORE INTO ile (`id_ile`, `id_map`, `x`, `y`, `n`) VALUES (185, 6, 5, 4, 1);
INSERT OR IGNORE INTO ile (`id_ile`, `id_map`, `x`, `y`, `n`) VALUES (186, 6, 5, 9, 3);
INSERT OR IGNORE INTO ile (`id_ile`, `id_map`, `x`, `y`, `n`) VALUES (187, 6, 6, 0, 2);
INSERT OR IGNORE INTO ile (`id_ile`, `id_map`, `x`, `y`, `n`) VALUES (188, 6, 6, 6, 3);
INSERT OR IGNORE INTO ile (`id_ile`, `id_map`, `x`, `y`, `n`) VALUES (189, 6, 6, 8, 4);
INSERT OR IGNORE INTO ile (`id_ile`, `id_map`, `x`, `y`, `n`) VALUES (190, 6, 7, 1, 1);
INSERT OR IGNORE INTO ile (`id_ile`, `id_map`, `x`, `y`, `n`) VALUES (191, 6, 7, 3, 1);
INSERT OR IGNORE INTO ile (`id_ile`, `id_map`, `x`, `y`, `n`) VALUES (192, 6, 7, 5, 5);
INSERT OR IGNORE INTO ile (`id_ile`, `id_map`, `x`, `y`, `n`) VALUES (193, 6, 7, 9, 3);
INSERT OR IGNORE INTO ile (`id_ile`, `id_map`, `x`, `y`, `n`) VALUES (194, 6, 8, 6, 2);
INSERT OR IGNORE INTO ile (`id_ile`, `id_map`, `x`, `y`, `n`) VALUES (195, 6, 8, 8, 2);
INSERT OR IGNORE INTO ile (`id_ile`, `id_map`, `x`, `y`, `n`) VALUES (196, 6, 9, 0, 2);
INSERT OR IGNORE INTO ile (`id_ile`, `id_map`, `x`, `y`, `n`) VALUES (197, 6, 9, 2, 4);
INSERT OR IGNORE INTO ile (`id_ile`, `id_map`, `x`, `y`, `n`) VALUES (198, 6, 9, 5, 5);
INSERT OR IGNORE INTO ile (`id_ile`, `id_map`, `x`, `y`, `n`) VALUES (199, 6, 9, 7, 3);
INSERT OR IGNORE INTO ile (`id_ile`, `id_map`, `x`, `y`, `n`) VALUES (200, 6, 9, 9, 3);
INSERT OR IGNORE INTO ile (`id_ile`, `id_map`, `x`, `y`, `n`) VALUES (201, 7, 0, 1, 1);
INSERT OR IGNORE INTO ile (`id_ile`, `id_map`, `x`, `y`, `n`) VALUES (202, 7, 0, 4, 2);
INSERT OR IGNORE INTO ile (`id_ile`, `id_map`, `x`, `y`, `n`) VALUES (203, 7, 0, 7, 2);
INSERT OR IGNORE INTO ile (`id_ile`, `id_map`, `x`, `y`, `n`) VALUES (204, 7, 0, 9, 3);
INSERT OR IGNORE INTO ile (`id_ile`, `id_map`, `x`, `y`, `n`) VALUES (205, 7, 1, 0, 2);
INSERT OR IGNORE INTO ile (`id_ile`, `id_map`, `x`, `y`, `n`) VALUES (206, 7, 1, 3, 4);
INSERT OR IGNORE INTO ile (`id_ile`, `id_map`, `x`, `y`, `n`) VALUES (207, 7, 1, 5, 2);
INSERT OR IGNORE INTO ile (`id_ile`, `id_map`, `x`, `y`, `n`) VALUES (208, 7, 1, 8, 2);
INSERT OR IGNORE INTO ile (`id_ile`, `id_map`, `x`, `y`, `n`) VALUES (209, 7, 2, 4, 2);
INSERT OR IGNORE INTO ile (`id_ile`, `id_map`, `x`, `y`, `n`) VALUES (210, 7, 2, 7, 1);
INSERT OR IGNORE INTO ile (`id_ile`, `id_map`, `x`, `y`, `n`) VALUES (211, 7, 2, 9, 3);
INSERT OR IGNORE INTO ile (`id_ile`, `id_map`, `x`, `y`, `n`) VALUES (212, 7, 3, 0, 3);
INSERT OR IGNORE INTO ile (`id_ile`, `id_map`, `x`, `y`, `n`) VALUES (213, 7, 3, 2, 3);
INSERT OR IGNORE INTO ile (`id_ile`, `id_map`, `x`, `y`, `n`) VALUES (214, 7, 3, 5, 1);
INSERT OR IGNORE INTO ile (`id_ile`, `id_map`, `x`, `y`, `n`) VALUES (215, 7, 3, 8, 4);
INSERT OR IGNORE INTO ile (`id_ile`, `id_map`, `x`, `y`, `n`) VALUES (216, 7, 4, 1, 1);
INSERT OR IGNORE INTO ile (`id_ile`, `id_map`, `x`, `y`, `n`) VALUES (217, 7, 4, 4, 3);
INSERT OR IGNORE INTO ile (`id_ile`, `id_map`, `x`, `y`, `n`) VALUES (218, 7, 4, 6, 2);
INSERT OR IGNORE INTO ile (`id_ile`, `id_map`, `x`, `y`, `n`) VALUES (219, 7, 4, 9, 2);
INSERT OR IGNORE INTO ile (`id_ile`, `id_map`, `x`, `y`, `n`) VALUES (220, 7, 5, 0, 2);
INSERT OR IGNORE INTO ile (`id_ile`, `id_map`, `x`, `y`, `n`) VALUES (221, 7, 5, 2, 2);
INSERT OR IGNORE INTO ile (`id_ile`, `id_map`, `x`, `y`, `n`) VALUES (222, 7, 5, 5, 1);
INSERT OR IGNORE INTO ile (`id_ile`, `id_map`, `x`, `y`, `n`) VALUES (223, 7, 5, 8, 3);
INSERT OR IGNORE INTO ile (`id_ile`, `id_map`, `x`, `y`, `n`) VALUES (224, 7, 6, 1, 2);
INSERT OR IGNORE INTO ile (`id_ile`, `id_map`, `x`, `y`, `n`) VALUES (225, 7, 6, 3, 4);
INSERT OR IGNORE INTO ile (`id_ile`, `id_map`, `x`, `y`, `n`) VALUES (226, 7, 6, 6, 2);
INSERT OR IGNORE INTO ile (`id_ile`, `id_map`, `x`, `y`, `n`) VALUES (227, 7, 6, 9, 2);
INSERT OR IGNORE INTO ile (`id_ile`, `id_map`, `x`, `y`, `n`) VALUES (228, 7, 7, 0, 3);
INSERT OR IGNORE INTO ile (`id_ile`, `id_map`, `x`, `y`, `n`) VALUES (229, 7, 7, 2, 1);
INSERT OR IGNORE INTO ile (`id_ile`, `id_map`, `x`, `y`, `n`) VALUES (230, 7, 7, 4, 1);
INSERT OR IGNORE INTO ile (`id_ile`, `id_map`, `x`, `y`, `n`) VALUES (231, 7, 8, 1, 2);
INSERT OR IGNORE INTO ile (`id_ile`, `id_map`, `x`, `y`, `n`) VALUES (232, 7, 8, 3, 4);
INSERT OR IGNORE INTO ile (`id_ile`, `id_map`, `x`, `y`, `n`) VALUES (233, 7, 8, 5, 2);
INSERT OR IGNORE INTO ile (`id_ile`, `id_map`, `x`, `y`, `n`) VALUES (234, 7, 8, 8, 1);
INSERT OR IGNORE INTO ile (`id_ile`, `id_map`, `x`, `y`, `n`) VALUES (235, 7, 9, 0, 2);
INSERT OR IGNORE INTO ile (`id_ile`, `id_map`, `x`, `y`, `n`) VALUES (236, 7, 9, 2, 2);
INSERT OR IGNORE INTO ile (`id_ile`, `id_map`, `x`, `y`, `n`) VALUES (237, 7, 9, 4, 2);
INSERT OR IGNORE INTO ile (`id_ile`, `id_map`, `x`, `y`, `n`) VALUES (238, 7, 9, 6, 3);
INSERT OR IGNORE INTO ile (`id_ile`, `id_map`, `x`, `y`, `n`) VALUES (239, 7, 9, 9, 2);
INSERT OR IGNORE INTO ile (`id_ile`, `id_map`, `x`, `y`, `n`) VALUES (240, 8, 0, 0, 3);
INSERT OR IGNORE INTO ile (`id_ile`, `id_map`, `x`, `y`, `n`) VALUES (241, 8, 0, 3, 3);
INSERT OR IGNORE INTO ile (`id_ile`, `id_map`, `x`, `y`, `n`) VALUES (242, 8, 0, 5, 3);
INSERT OR IGNORE INTO ile (`id_ile`, `id_map`, `x`, `y`, `n`) VALUES (243, 8, 0, 7, 3);
INSERT OR IGNORE INTO ile (`id_ile`, `id_map`, `x`, `y`, `n`) VALUES (244, 8, 0, 9, 3);
INSERT OR IGNORE INTO ile (`id_ile`, `id_map`, `x`, `y`, `n`) VALUES (245, 8, 1, 1, 2);
INSERT OR IGNORE INTO ile (`id_ile`, `id_map`, `x`, `y`, `n`) VALUES (246, 8, 1, 4, 5);
INSERT OR IGNORE INTO ile (`id_ile`, `id_map`, `x`, `y`, `n`) VALUES (247, 8, 1, 6, 3);
INSERT OR IGNORE INTO ile (`id_ile`, `id_map`, `x`, `y`, `n`) VALUES (248, 8, 1, 8, 2);
INSERT OR IGNORE INTO ile (`id_ile`, `id_map`, `x`, `y`, `n`) VALUES (249, 8, 2, 3, 1);
INSERT OR IGNORE INTO ile (`id_ile`, `id_map`, `x`, `y`, `n`) VALUES (250, 8, 2, 9, 3);
INSERT OR IGNORE INTO ile (`id_ile`, `id_map`, `x`, `y`, `n`) VALUES (251, 8, 3, 0, 3);
INSERT OR IGNORE INTO ile (`id_ile`, `id_map`, `x`, `y`, `n`) VALUES (252, 8, 3, 2, 1);
INSERT OR IGNORE INTO ile (`id_ile`, `id_map`, `x`, `y`, `n`) VALUES (253, 8, 3, 4, 3);
INSERT OR IGNORE INTO ile (`id_ile`, `id_map`, `x`, `y`, `n`) VALUES (254, 8, 3, 7, 2);
INSERT OR IGNORE INTO ile (`id_ile`, `id_map`, `x`, `y`, `n`) VALUES (255, 8, 4, 1, 1);
INSERT OR IGNORE INTO ile (`id_ile`, `id_map`, `x`, `y`, `n`) VALUES (256, 8, 4, 3, 3);
INSERT OR IGNORE INTO ile (`id_ile`, `id_map`, `x`, `y`, `n`) VALUES (257, 8, 4, 6, 3);
INSERT OR IGNORE INTO ile (`id_ile`, `id_map`, `x`, `y`, `n`) VALUES (258, 8, 4, 8, 3);
INSERT OR IGNORE INTO ile (`id_ile`, `id_map`, `x`, `y`, `n`) VALUES (259, 8, 5, 0, 3);
INSERT OR IGNORE INTO ile (`id_ile`, `id_map`, `x`, `y`, `n`) VALUES (260, 8, 5, 2, 3);
INSERT OR IGNORE INTO ile (`id_ile`, `id_map`, `x`, `y`, `n`) VALUES (261, 8, 5, 5, 2);
INSERT OR IGNORE INTO ile (`id_ile`, `id_map`, `x`, `y`, `n`) VALUES (262, 8, 5, 9, 3);
INSERT OR IGNORE INTO ile (`id_ile`, `id_map`, `x`, `y`, `n`) VALUES (263, 8, 6, 8, 2);
INSERT OR IGNORE INTO ile (`id_ile`, `id_map`, `x`, `y`, `n`) VALUES (264, 8, 7, 3, 1);
INSERT OR IGNORE INTO ile (`id_ile`, `id_map`, `x`, `y`, `n`) VALUES (265, 8, 7, 6, 2);
INSERT OR IGNORE INTO ile (`id_ile`, `id_map`, `x`, `y`, `n`) VALUES (266, 8, 7, 9, 3);
INSERT OR IGNORE INTO ile (`id_ile`, `id_map`, `x`, `y`, `n`) VALUES (267, 8, 8, 0, 2);
INSERT OR IGNORE INTO ile (`id_ile`, `id_map`, `x`, `y`, `n`) VALUES (268, 8, 8, 2, 3);
INSERT OR IGNORE INTO ile (`id_ile`, `id_map`, `x`, `y`, `n`) VALUES (269, 8, 8, 5, 3);
INSERT OR IGNORE INTO ile (`id_ile`, `id_map`, `x`, `y`, `n`) VALUES (270, 8, 8, 8, 2);
INSERT OR IGNORE INTO ile (`id_ile`, `id_map`, `x`, `y`, `n`) VALUES (271, 8, 9, 1, 1);
INSERT OR IGNORE INTO ile (`id_ile`, `id_map`, `x`, `y`, `n`) VALUES (272, 8, 9, 4, 2);
INSERT OR IGNORE INTO ile (`id_ile`, `id_map`, `x`, `y`, `n`) VALUES (273, 8, 9, 7, 2);
INSERT OR IGNORE INTO ile (`id_ile`, `id_map`, `x`, `y`, `n`) VALUES (274, 8, 9, 9, 2);
INSERT OR IGNORE INTO ile (`id_ile`, `id_map`, `x`, `y`, `n`) VALUES (275, 9, 0, 0, 2);
INSERT OR IGNORE INTO ile (`id_ile`, `id_map`, `x`, `y`, `n`) VALUES (276, 9, 0, 2, 2);
INSERT OR IGNORE INTO ile (`id_ile`, `id_map`, `x`, `y`, `n`) VALUES (277, 9, 0, 4, 3);
INSERT OR IGNORE INTO ile (`id_ile`, `id_map`, `x`, `y`, `n`) VALUES (278, 9, 0, 6, 2);
INSERT OR IGNORE INTO ile (`id_ile`, `id_map`, `x`, `y`, `n`) VALUES (279, 9, 0, 8, 2);
INSERT OR IGNORE INTO ile (`id_ile`, `id_map`, `x`, `y`, `n`) VALUES (280, 9, 1, 1, 3);
INSERT OR IGNORE INTO ile (`id_ile`, `id_map`, `x`, `y`, `n`) VALUES (281, 9, 1, 3, 1);
INSERT OR IGNORE INTO ile (`id_ile`, `id_map`, `x`, `y`, `n`) VALUES (282, 9, 1, 9, 1);
INSERT OR IGNORE INTO ile (`id_ile`, `id_map`, `x`, `y`, `n`) VALUES (283, 9, 2, 0, 1);
INSERT OR IGNORE INTO ile (`id_ile`, `id_map`, `x`, `y`, `n`) VALUES (284, 9, 2, 2, 1);
INSERT OR IGNORE INTO ile (`id_ile`, `id_map`, `x`, `y`, `n`) VALUES (285, 9, 2, 4, 4);
INSERT OR IGNORE INTO ile (`id_ile`, `id_map`, `x`, `y`, `n`) VALUES (286, 9, 2, 7, 1);
INSERT OR IGNORE INTO ile (`id_ile`, `id_map`, `x`, `y`, `n`) VALUES (287, 9, 3, 6, 1);
INSERT OR IGNORE INTO ile (`id_ile`, `id_map`, `x`, `y`, `n`) VALUES (288, 9, 3, 8, 3);
INSERT OR IGNORE INTO ile (`id_ile`, `id_map`, `x`, `y`, `n`) VALUES (289, 9, 4, 1, 3);
INSERT OR IGNORE INTO ile (`id_ile`, `id_map`, `x`, `y`, `n`) VALUES (290, 9, 4, 4, 4);
INSERT OR IGNORE INTO ile (`id_ile`, `id_map`, `x`, `y`, `n`) VALUES (291, 9, 4, 7, 1);
INSERT OR IGNORE INTO ile (`id_ile`, `id_map`, `x`, `y`, `n`) VALUES (292, 9, 4, 9, 3);
INSERT OR IGNORE INTO ile (`id_ile`, `id_map`, `x`, `y`, `n`) VALUES (293, 9, 5, 5, 3);
INSERT OR IGNORE INTO ile (`id_ile`, `id_map`, `x`, `y`, `n`) VALUES (294, 9, 5, 8, 2);
INSERT OR IGNORE INTO ile (`id_ile`, `id_map`, `x`, `y`, `n`) VALUES (295, 9, 6, 0, 3);
INSERT OR IGNORE INTO ile (`id_ile`, `id_map`, `x`, `y`, `n`) VALUES (296, 9, 6, 2, 3);
INSERT OR IGNORE INTO ile (`id_ile`, `id_map`, `x`, `y`, `n`) VALUES (297, 9, 6, 4, 5);
INSERT OR IGNORE INTO ile (`id_ile`, `id_map`, `x`, `y`, `n`) VALUES (298, 9, 7, 5, 4);
INSERT OR IGNORE INTO ile (`id_ile`, `id_map`, `x`, `y`, `n`) VALUES (299, 9, 7, 7, 3);
INSERT OR IGNORE INTO ile (`id_ile`, `id_map`, `x`, `y`, `n`) VALUES (300, 9, 7, 9, 3);
INSERT OR IGNORE INTO ile (`id_ile`, `id_map`, `x`, `y`, `n`) VALUES (301, 9, 8, 0, 3);
INSERT OR IGNORE INTO ile (`id_ile`, `id_map`, `x`, `y`, `n`) VALUES (302, 9, 8, 2, 2);
INSERT OR IGNORE INTO ile (`id_ile`, `id_map`, `x`, `y`, `n`) VALUES (303, 9, 8, 4, 3);
INSERT OR IGNORE INTO ile (`id_ile`, `id_map`, `x`, `y`, `n`) VALUES (304, 9, 9, 1, 1);
INSERT OR IGNORE INTO ile (`id_ile`, `id_map`, `x`, `y`, `n`) VALUES (305, 9, 9, 3, 2);
INSERT OR IGNORE INTO ile (`id_ile`, `id_map`, `x`, `y`, `n`) VALUES (306, 9, 9, 5, 3);
INSERT OR IGNORE INTO ile (`id_ile`, `id_map`, `x`, `y`, `n`) VALUES (307, 9, 9, 7, 3);
INSERT OR IGNORE INTO ile (`id_ile`, `id_map`, `x`, `y`, `n`) VALUES (308, 9, 9, 9, 1);
INSERT OR IGNORE INTO ile (`id_ile`, `id_map`, `x`, `y`, `n`) VALUES (309, 10, 0, 1, 3);
INSERT OR IGNORE INTO ile (`id_ile`, `id_map`, `x`, `y`, `n`) VALUES (310, 10, 0, 3, 3);
INSERT OR IGNORE INTO ile (`id_ile`, `id_map`, `x`, `y`, `n`) VALUES (311, 10, 0, 6, 4);
INSERT OR IGNORE INTO ile (`id_ile`, `id_map`, `x`, `y`, `n`) VALUES (312, 10, 0, 9, 2);
INSERT OR IGNORE INTO ile (`id_ile`, `id_map`, `x`, `y`, `n`) VALUES (313, 10, 1, 0, 1);
INSERT OR IGNORE INTO ile (`id_ile`, `id_map`, `x`, `y`, `n`) VALUES (314, 10, 1, 7, 2);
INSERT OR IGNORE INTO ile (`id_ile`, `id_map`, `x`, `y`, `n`) VALUES (315, 10, 2, 2, 2);
INSERT OR IGNORE INTO ile (`id_ile`, `id_map`, `x`, `y`, `n`) VALUES (316, 10, 2, 4, 2);
INSERT OR IGNORE INTO ile (`id_ile`, `id_map`, `x`, `y`, `n`) VALUES (317, 10, 2, 6, 3);
INSERT OR IGNORE INTO ile (`id_ile`, `id_map`, `x`, `y`, `n`) VALUES (318, 10, 3, 0, 3);
INSERT OR IGNORE INTO ile (`id_ile`, `id_map`, `x`, `y`, `n`) VALUES (319, 10, 3, 3, 2);
INSERT OR IGNORE INTO ile (`id_ile`, `id_map`, `x`, `y`, `n`) VALUES (320, 10, 3, 7, 3);
INSERT OR IGNORE INTO ile (`id_ile`, `id_map`, `x`, `y`, `n`) VALUES (321, 10, 3, 9, 3);
INSERT OR IGNORE INTO ile (`id_ile`, `id_map`, `x`, `y`, `n`) VALUES (322, 10, 4, 1, 3);
INSERT OR IGNORE INTO ile (`id_ile`, `id_map`, `x`, `y`, `n`) VALUES (323, 10, 4, 4, 3);
INSERT OR IGNORE INTO ile (`id_ile`, `id_map`, `x`, `y`, `n`) VALUES (324, 10, 4, 6, 3);
INSERT OR IGNORE INTO ile (`id_ile`, `id_map`, `x`, `y`, `n`) VALUES (325, 10, 5, 2, 1);
INSERT OR IGNORE INTO ile (`id_ile`, `id_map`, `x`, `y`, `n`) VALUES (326, 10, 5, 7, 2);
INSERT OR IGNORE INTO ile (`id_ile`, `id_map`, `x`, `y`, `n`) VALUES (327, 10, 5, 9, 3);
INSERT OR IGNORE INTO ile (`id_ile`, `id_map`, `x`, `y`, `n`) VALUES (328, 10, 6, 0, 3);
INSERT OR IGNORE INTO ile (`id_ile`, `id_map`, `x`, `y`, `n`) VALUES (329, 10, 6, 4, 2);
INSERT OR IGNORE INTO ile (`id_ile`, `id_map`, `x`, `y`, `n`) VALUES (330, 10, 6, 6, 4);
INSERT OR IGNORE INTO ile (`id_ile`, `id_map`, `x`, `y`, `n`) VALUES (331, 10, 6, 8, 1);
INSERT OR IGNORE INTO ile (`id_ile`, `id_map`, `x`, `y`, `n`) VALUES (332, 10, 7, 1, 3);
INSERT OR IGNORE INTO ile (`id_ile`, `id_map`, `x`, `y`, `n`) VALUES (333, 10, 7, 3, 4);
INSERT OR IGNORE INTO ile (`id_ile`, `id_map`, `x`, `y`, `n`) VALUES (334, 10, 7, 5, 1);
INSERT OR IGNORE INTO ile (`id_ile`, `id_map`, `x`, `y`, `n`) VALUES (335, 10, 7, 7, 1);
INSERT OR IGNORE INTO ile (`id_ile`, `id_map`, `x`, `y`, `n`) VALUES (336, 10, 7, 9, 2);
INSERT OR IGNORE INTO ile (`id_ile`, `id_map`, `x`, `y`, `n`) VALUES (337, 10, 8, 0, 2);
INSERT OR IGNORE INTO ile (`id_ile`, `id_map`, `x`, `y`, `n`) VALUES (338, 10, 8, 2, 2);
INSERT OR IGNORE INTO ile (`id_ile`, `id_map`, `x`, `y`, `n`) VALUES (339, 10, 8, 4, 2);
INSERT OR IGNORE INTO ile (`id_ile`, `id_map`, `x`, `y`, `n`) VALUES (340, 10, 8, 6, 4);
INSERT OR IGNORE INTO ile (`id_ile`, `id_map`, `x`, `y`, `n`) VALUES (341, 10, 8, 8, 2);
INSERT OR IGNORE INTO ile (`id_ile`, `id_map`, `x`, `y`, `n`) VALUES (342, 10, 9, 1, 1);
INSERT OR IGNORE INTO ile (`id_ile`, `id_map`, `x`, `y`, `n`) VALUES (343, 10, 9, 3, 3);
INSERT OR IGNORE INTO ile (`id_ile`, `id_map`, `x`, `y`, `n`) VALUES (344, 10, 9, 5, 3);
INSERT OR IGNORE INTO ile (`id_ile`, `id_map`, `x`, `y`, `n`) VALUES (345, 10, 9, 7, 3);
INSERT OR IGNORE INTO ile (`id_ile`, `id_map`, `x`, `y`, `n`) VALUES (346, 10, 9, 9, 3);

-- Insert map
INSERT OR IGNORE INTO map (`id_map`, `difficulte`, `largeur`, `hauteur`, `aventure`) VALUES (1, 0, 10, 10, 1);
INSERT OR IGNORE INTO map (`id_map`, `difficulte`, `largeur`, `hauteur`, `aventure`) VALUES (2, 0, 7, 7, 1);
INSERT OR IGNORE INTO map (`id_map`, `difficulte`, `largeur`, `hauteur`, `aventure`) VALUES (3, 0, 8, 8, 1);
INSERT OR IGNORE INTO map (`id_map`, `difficulte`, `largeur`, `hauteur`, `aventure`) VALUES (4, 1, 8, 8, 1);
INSERT OR IGNORE INTO map (`id_map`, `difficulte`, `largeur`, `hauteur`, `aventure`) VALUES (5, 1, 10, 10, 1);
INSERT OR IGNORE INTO map (`id_map`, `difficulte`, `largeur`, `hauteur`, `aventure`) VALUES (6, 1, 10, 10, 1);
INSERT OR IGNORE INTO map (`id_map`, `difficulte`, `largeur`, `hauteur`, `aventure`) VALUES (7, 2, 10, 10, 1);
INSERT OR IGNORE INTO map (`id_map`, `difficulte`, `largeur`, `hauteur`, `aventure`) VALUES (8, 1, 10, 10, 1);
INSERT OR IGNORE INTO map (`id_map`, `difficulte`, `largeur`, `hauteur`, `aventure`) VALUES (9, 2, 10, 10, 1);
INSERT OR IGNORE INTO map (`id_map`, `difficulte`, `largeur`, `hauteur`, `aventure`) VALUES (10, 2, 10, 10, 1);

-- Technique preview ile
INSERT OR IGNORE INTO ile (`id_ile`, `id_map`, `x`, `y`, `n`) VALUES (1000, 1000, 0, 0, -99);
INSERT OR IGNORE INTO ile (`id_ile`, `id_map`, `x`, `y`, `n`) VALUES (1001, 1000, 2, 0, -99);
INSERT OR IGNORE INTO ile (`id_ile`, `id_map`, `x`, `y`, `n`) VALUES (1002, 1000, 4, 0, -99);
INSERT OR IGNORE INTO ile (`id_ile`, `id_map`, `x`, `y`, `n`) VALUES (1003, 1000, 3, 1, -99);
INSERT OR IGNORE INTO ile (`id_ile`, `id_map`, `x`, `y`, `n`) VALUES (1004, 1000, 5, 1, -99);
INSERT OR IGNORE INTO ile (`id_ile`, `id_map`, `x`, `y`, `n`) VALUES (1005, 1000, 0, 2, -99);
INSERT OR IGNORE INTO ile (`id_ile`, `id_map`, `x`, `y`, `n`) VALUES (1006, 1000, 2, 2, 7);
INSERT OR IGNORE INTO ile (`id_ile`, `id_map`, `x`, `y`, `n`) VALUES (1007, 1000, 4, 2, -99);
INSERT OR IGNORE INTO ile (`id_ile`, `id_map`, `x`, `y`, `n`) VALUES (1008, 1000, 3, 3, -99);
INSERT OR IGNORE INTO ile (`id_ile`, `id_map`, `x`, `y`, `n`) VALUES (1009, 1000, 5, 3, 5);
INSERT OR IGNORE INTO ile (`id_ile`, `id_map`, `x`, `y`, `n`) VALUES (1010, 1000, 2, 4, -99);
INSERT OR IGNORE INTO ile (`id_ile`, `id_map`, `x`, `y`, `n`) VALUES (1011, 1000, 4, 4, -99);
INSERT OR IGNORE INTO ile (`id_ile`, `id_map`, `x`, `y`, `n`) VALUES (1012, 1000, 0, 5, 3);
INSERT OR IGNORE INTO ile (`id_ile`, `id_map`, `x`, `y`, `n`) VALUES (1013, 1000, 3, 5, -99);
INSERT OR IGNORE INTO ile (`id_ile`, `id_map`, `x`, `y`, `n`) VALUES (1014, 1000, 5, 5, -99);
INSERT OR IGNORE INTO ile (`id_ile`, `id_map`, `x`, `y`, `n`) VALUES (1015, 1001, 0, 0, -99);
INSERT OR IGNORE INTO ile (`id_ile`, `id_map`, `x`, `y`, `n`) VALUES (1016, 1001, 3, 0, -99);
INSERT OR IGNORE INTO ile (`id_ile`, `id_map`, `x`, `y`, `n`) VALUES (1017, 1001, 5, 0, -99);
INSERT OR IGNORE INTO ile (`id_ile`, `id_map`, `x`, `y`, `n`) VALUES (1018, 1001, 2, 1, -99);
INSERT OR IGNORE INTO ile (`id_ile`, `id_map`, `x`, `y`, `n`) VALUES (1019, 1001, 1, 2, -99);
INSERT OR IGNORE INTO ile (`id_ile`, `id_map`, `x`, `y`, `n`) VALUES (1020, 1001, 3, 2, -99);
INSERT OR IGNORE INTO ile (`id_ile`, `id_map`, `x`, `y`, `n`) VALUES (1021, 1001, 5, 2, 1);
INSERT OR IGNORE INTO ile (`id_ile`, `id_map`, `x`, `y`, `n`) VALUES (1022, 1001, 0, 3, - 2);
INSERT OR IGNORE INTO ile (`id_ile`, `id_map`, `x`, `y`, `n`) VALUES (1023, 1001, 2, 3, -99);
INSERT OR IGNORE INTO ile (`id_ile`, `id_map`, `x`, `y`, `n`) VALUES (1024, 1001, 1, 4, -99);
INSERT OR IGNORE INTO ile (`id_ile`, `id_map`, `x`, `y`, `n`) VALUES (1025, 1001, 3, 4, - 1);
INSERT OR IGNORE INTO ile (`id_ile`, `id_map`, `x`, `y`, `n`) VALUES (1026, 1001, 5, 4, 1);
INSERT OR IGNORE INTO ile (`id_ile`, `id_map`, `x`, `y`, `n`) VALUES (1027, 1001, 0, 5, 2);
INSERT OR IGNORE INTO ile (`id_ile`, `id_map`, `x`, `y`, `n`) VALUES (1028, 1001, 2, 5, 2);
INSERT OR IGNORE INTO ile (`id_ile`, `id_map`, `x`, `y`, `n`) VALUES (1029, 1001, 4, 5, -99);
INSERT OR IGNORE INTO ile (`id_ile`, `id_map`, `x`, `y`, `n`) VALUES (1030, 1002, 0, 0, -99);
INSERT OR IGNORE INTO ile (`id_ile`, `id_map`, `x`, `y`, `n`) VALUES (1031, 1002, 2, 0, -99);
INSERT OR IGNORE INTO ile (`id_ile`, `id_map`, `x`, `y`, `n`) VALUES (1032, 1002, 5, 0, 4);
INSERT OR IGNORE INTO ile (`id_ile`, `id_map`, `x`, `y`, `n`) VALUES (1033, 1002, 0, 2, -99);
INSERT OR IGNORE INTO ile (`id_ile`, `id_map`, `x`, `y`, `n`) VALUES (1034, 1002, 2, 2, 8);
INSERT OR IGNORE INTO ile (`id_ile`, `id_map`, `x`, `y`, `n`) VALUES (1035, 1002, 4, 2, -99);
INSERT OR IGNORE INTO ile (`id_ile`, `id_map`, `x`, `y`, `n`) VALUES (1036, 1002, 1, 3, -99);
INSERT OR IGNORE INTO ile (`id_ile`, `id_map`, `x`, `y`, `n`) VALUES (1037, 1002, 3, 3, -99);
INSERT OR IGNORE INTO ile (`id_ile`, `id_map`, `x`, `y`, `n`) VALUES (1038, 1002, 5, 3, -99);
INSERT OR IGNORE INTO ile (`id_ile`, `id_map`, `x`, `y`, `n`) VALUES (1039, 1002, 0, 4, -99);
INSERT OR IGNORE INTO ile (`id_ile`, `id_map`, `x`, `y`, `n`) VALUES (1040, 1002, 2, 4, -99);
INSERT OR IGNORE INTO ile (`id_ile`, `id_map`, `x`, `y`, `n`) VALUES (1041, 1002, 4, 4, -99);
INSERT OR IGNORE INTO ile (`id_ile`, `id_map`, `x`, `y`, `n`) VALUES (1042, 1002, 1, 5, -99);
INSERT OR IGNORE INTO ile (`id_ile`, `id_map`, `x`, `y`, `n`) VALUES (1043, 1002, 3, 5, 6);
INSERT OR IGNORE INTO ile (`id_ile`, `id_map`, `x`, `y`, `n`) VALUES (1044, 1002, 5, 5, -99);
INSERT OR IGNORE INTO ile (`id_ile`, `id_map`, `x`, `y`, `n`) VALUES (1045, 1003, 0, 0, -99);
INSERT OR IGNORE INTO ile (`id_ile`, `id_map`, `x`, `y`, `n`) VALUES (1046, 1003, 2, 0, -99);
INSERT OR IGNORE INTO ile (`id_ile`, `id_map`, `x`, `y`, `n`) VALUES (1047, 1003, 5, 0, -99);
INSERT OR IGNORE INTO ile (`id_ile`, `id_map`, `x`, `y`, `n`) VALUES (1048, 1003, 3, 1, -99);
INSERT OR IGNORE INTO ile (`id_ile`, `id_map`, `x`, `y`, `n`) VALUES (1049, 1003, 0, 2, -99);
INSERT OR IGNORE INTO ile (`id_ile`, `id_map`, `x`, `y`, `n`) VALUES (1050, 1003, 2, 2, -99);
INSERT OR IGNORE INTO ile (`id_ile`, `id_map`, `x`, `y`, `n`) VALUES (1051, 1003, 4, 2, -99);
INSERT OR IGNORE INTO ile (`id_ile`, `id_map`, `x`, `y`, `n`) VALUES (1052, 1003, 3, 3, -99);
INSERT OR IGNORE INTO ile (`id_ile`, `id_map`, `x`, `y`, `n`) VALUES (1053, 1003, 5, 3, -99);
INSERT OR IGNORE INTO ile (`id_ile`, `id_map`, `x`, `y`, `n`) VALUES (1054, 1003, 0, 4, 1);
INSERT OR IGNORE INTO ile (`id_ile`, `id_map`, `x`, `y`, `n`) VALUES (1055, 1003, 2, 4, 4);
INSERT OR IGNORE INTO ile (`id_ile`, `id_map`, `x`, `y`, `n`) VALUES (1056, 1003, 4, 4, 1);
INSERT OR IGNORE INTO ile (`id_ile`, `id_map`, `x`, `y`, `n`) VALUES (1057, 1003, 1, 5, -99);
INSERT OR IGNORE INTO ile (`id_ile`, `id_map`, `x`, `y`, `n`) VALUES (1058, 1003, 3, 5, -99);
INSERT OR IGNORE INTO ile (`id_ile`, `id_map`, `x`, `y`, `n`) VALUES (1059, 1003, 5, 5, -99);
INSERT OR IGNORE INTO ile (`id_ile`, `id_map`, `x`, `y`, `n`) VALUES (1060, 1004, 0, 0, -99);
INSERT OR IGNORE INTO ile (`id_ile`, `id_map`, `x`, `y`, `n`) VALUES (1061, 1004, 2, 0, -99);
INSERT OR IGNORE INTO ile (`id_ile`, `id_map`, `x`, `y`, `n`) VALUES (1062, 1004, 4, 0, -99);
INSERT OR IGNORE INTO ile (`id_ile`, `id_map`, `x`, `y`, `n`) VALUES (1063, 1004, 5, 1, -99);
INSERT OR IGNORE INTO ile (`id_ile`, `id_map`, `x`, `y`, `n`) VALUES (1064, 1004, 0, 2, -99);
INSERT OR IGNORE INTO ile (`id_ile`, `id_map`, `x`, `y`, `n`) VALUES (1065, 1004, 2, 2, 6);
INSERT OR IGNORE INTO ile (`id_ile`, `id_map`, `x`, `y`, `n`) VALUES (1066, 1004, 4, 2, 1);
INSERT OR IGNORE INTO ile (`id_ile`, `id_map`, `x`, `y`, `n`) VALUES (1067, 1004, 3, 3, -99);
INSERT OR IGNORE INTO ile (`id_ile`, `id_map`, `x`, `y`, `n`) VALUES (1068, 1004, 5, 3, -99);
INSERT OR IGNORE INTO ile (`id_ile`, `id_map`, `x`, `y`, `n`) VALUES (1069, 1004, 0, 4, -99);
INSERT OR IGNORE INTO ile (`id_ile`, `id_map`, `x`, `y`, `n`) VALUES (1070, 1004, 2, 4, -99);
INSERT OR IGNORE INTO ile (`id_ile`, `id_map`, `x`, `y`, `n`) VALUES (1071, 1004, 4, 4, -99);
INSERT OR IGNORE INTO ile (`id_ile`, `id_map`, `x`, `y`, `n`) VALUES (1072, 1004, 1, 5, -99);
INSERT OR IGNORE INTO ile (`id_ile`, `id_map`, `x`, `y`, `n`) VALUES (1073, 1004, 3, 5, -99);
INSERT OR IGNORE INTO ile (`id_ile`, `id_map`, `x`, `y`, `n`) VALUES (1074, 1004, 5, 5, -99);

-- Technique preview map
INSERT OR IGNORE INTO map (`id_map`, `difficulte`, `largeur`, `hauteur`, `jouable`) VALUES (1000, 0, 6, 6, 0);
INSERT OR IGNORE INTO map (`id_map`, `difficulte`, `largeur`, `hauteur`, `jouable`) VALUES (1001, 0, 6, 6, 0);
INSERT OR IGNORE INTO map (`id_map`, `difficulte`, `largeur`, `hauteur`, `jouable`) VALUES (1002, 0, 6, 6, 0);
INSERT OR IGNORE INTO map (`id_map`, `difficulte`, `largeur`, `hauteur`, `jouable`) VALUES (1003, 0, 6, 6, 0);
INSERT OR IGNORE INTO map (`id_map`, `difficulte`, `largeur`, `hauteur`, `jouable`) VALUES (1004, 0, 6, 6, 0);
-- Technique demo historique
INSERT OR IGNORE INTO historique (`date`, `id_map`, `id_ile1`, `id_ile2`, `action`) VALUES (1712863723957, 1000, 0, 0, 0);
INSERT OR IGNORE INTO historique (`date`, `id_map`, `id_ile1`, `id_ile2`, `action`, `avant`) VALUES (1712863725524, 1000, 1001, 1006, 2, 1712863723957);
INSERT OR IGNORE INTO historique (`date`, `id_map`, `id_ile1`, `id_ile2`, `action`, `avant`) VALUES (1712863726236, 1000, 1005, 1006, 2, 1712863725524);
INSERT OR IGNORE INTO historique (`date`, `id_map`, `id_ile1`, `id_ile2`, `action`, `avant`) VALUES (1712863727008, 1000, 1006, 1007, 2, 1712863726236);
INSERT OR IGNORE INTO historique (`date`, `id_map`, `id_ile1`, `id_ile2`, `action`, `avant`) VALUES (1712863727722, 1000, 1006, 1010, 2, 1712863727008);
INSERT OR IGNORE INTO historique (`date`, `id_map`, `id_ile1`, `id_ile2`, `action`, `avant`) VALUES (1712863728353, 1000, 1005, 1012, 2, 1712863727722);
INSERT OR IGNORE INTO historique (`date`, `id_map`, `id_ile1`, `id_ile2`, `action`, `avant`) VALUES (1712863728926, 1000, 1012, 1013, 2, 1712863728353);
INSERT OR IGNORE INTO historique (`date`, `id_map`, `id_ile1`, `id_ile2`, `action`, `avant`) VALUES (1712863730214, 1000, 1008, 1009, 2, 1712863728926);
INSERT OR IGNORE INTO historique (`date`, `id_map`, `id_ile1`, `id_ile2`, `action`, `avant`) VALUES (1712863730839, 1000, 1004, 1009, 2, 1712863730214);
INSERT OR IGNORE INTO historique (`date`, `id_map`, `id_ile1`, `id_ile2`, `action`, `avant`) VALUES (1712863733130, 1000, 1009, 1014, 2, 1712863730839);
INSERT OR IGNORE INTO sauvegarde (id_profil, nom, reference) VALUES (1, 'Imparite', 1712863733130);
INSERT OR IGNORE INTO historique (`date`, `id_map`, `id_ile1`, `id_ile2`, `action`) VALUES (1712864033490, 1001, 0, 0, 0);
INSERT OR IGNORE INTO historique (`date`, `id_map`, `id_ile1`, `id_ile2`, `action`, `avant`) VALUES (1712864036888, 1001, 1022, 1027, 2, 1712864033490);
INSERT OR IGNORE INTO historique (`date`, `id_map`, `id_ile1`, `id_ile2`, `action`, `avant`) VALUES (1712864038574, 1001, 1025, 1026, 2, 1712864036888);
INSERT OR IGNORE INTO sauvegarde (id_profil, nom, reference) VALUES (1, 'Isolement 1 2', 1712864038574);
INSERT OR IGNORE INTO historique (`date`, `id_map`, `id_ile1`, `id_ile2`, `action`) VALUES (1712865036530, 1002, 0, 0, 0);
INSERT OR IGNORE INTO historique (`date`, `id_map`, `id_ile1`, `id_ile2`, `action`, `avant`) VALUES (1712865039023, 1002, 1031, 1034, 2, 1712865036530);
INSERT OR IGNORE INTO historique (`date`, `id_map`, `id_ile1`, `id_ile2`, `action`, `avant`) VALUES (1712865039197, 1002, 1031, 1034, 3, 1712865039023);
INSERT OR IGNORE INTO historique (`date`, `id_map`, `id_ile1`, `id_ile2`, `action`, `avant`) VALUES (1712865040071, 1002, 1033, 1034, 2, 1712865039197);
INSERT OR IGNORE INTO historique (`date`, `id_map`, `id_ile1`, `id_ile2`, `action`, `avant`) VALUES (1712865040266, 1002, 1033, 1034, 3, 1712865040071);
INSERT OR IGNORE INTO historique (`date`, `id_map`, `id_ile1`, `id_ile2`, `action`, `avant`) VALUES (1712865041002, 1002, 1034, 1035, 2, 1712865040266);
INSERT OR IGNORE INTO historique (`date`, `id_map`, `id_ile1`, `id_ile2`, `action`, `avant`) VALUES (1712865041194, 1002, 1034, 1035, 3, 1712865041002);
INSERT OR IGNORE INTO historique (`date`, `id_map`, `id_ile1`, `id_ile2`, `action`, `avant`) VALUES (1712865045033, 1002, 1034, 1040, 2, 1712865041194);
INSERT OR IGNORE INTO historique (`date`, `id_map`, `id_ile1`, `id_ile2`, `action`, `avant`) VALUES (1712865045217, 1002, 1034, 1040, 3, 1712865045033);
INSERT OR IGNORE INTO historique (`date`, `id_map`, `id_ile1`, `id_ile2`, `action`, `avant`) VALUES (1712865045918, 1002, 1031, 1032, 2, 1712865045217);
INSERT OR IGNORE INTO historique (`date`, `id_map`, `id_ile1`, `id_ile2`, `action`, `avant`) VALUES (1712865046081, 1002, 1031, 1032, 3, 1712865045918);
INSERT OR IGNORE INTO historique (`date`, `id_map`, `id_ile1`, `id_ile2`, `action`, `avant`) VALUES (1712865046804, 1002, 1032, 1038, 2, 1712865046081);
INSERT OR IGNORE INTO historique (`date`, `id_map`, `id_ile1`, `id_ile2`, `action`, `avant`) VALUES (1712865046978, 1002, 1032, 1038, 3, 1712865046804);
INSERT OR IGNORE INTO historique (`date`, `id_map`, `id_ile1`, `id_ile2`, `action`, `avant`) VALUES (1712865048456, 1002, 1037, 1043, 2, 1712865046978);
INSERT OR IGNORE INTO historique (`date`, `id_map`, `id_ile1`, `id_ile2`, `action`, `avant`) VALUES (1712865048639, 1002, 1037, 1043, 3, 1712865048456);
INSERT OR IGNORE INTO historique (`date`, `id_map`, `id_ile1`, `id_ile2`, `action`, `avant`) VALUES (1712865049205, 1002, 1042, 1043, 2, 1712865048639);
INSERT OR IGNORE INTO historique (`date`, `id_map`, `id_ile1`, `id_ile2`, `action`, `avant`) VALUES (1712865049366, 1002, 1042, 1043, 3, 1712865049205);
INSERT OR IGNORE INTO historique (`date`, `id_map`, `id_ile1`, `id_ile2`, `action`, `avant`) VALUES (1712865050144, 1002, 1043, 1044, 2, 1712865049366);
INSERT OR IGNORE INTO historique (`date`, `id_map`, `id_ile1`, `id_ile2`, `action`, `avant`) VALUES (1712865050344, 1002, 1043, 1044, 3, 1712865050144);
INSERT OR IGNORE INTO sauvegarde (id_profil, nom, reference) VALUES (1, 'Parite', 1712865050344);
INSERT OR IGNORE INTO historique (`date`, `id_map`, `id_ile1`, `id_ile2`, `action`) VALUES (1712865270460, 1003, 0, 0, 0);
INSERT OR IGNORE INTO historique (`date`, `id_map`, `id_ile1`, `id_ile2`, `action`, `avant`) VALUES (1712865271875, 1003, 1054, 1055, 2, 1712865270460);
INSERT OR IGNORE INTO historique (`date`, `id_map`, `id_ile1`, `id_ile2`, `action`, `avant`) VALUES (1712865272281, 1003, 1050, 1055, 2, 1712865271875);
INSERT OR IGNORE INTO historique (`date`, `id_map`, `id_ile1`, `id_ile2`, `action`, `avant`) VALUES (1712865272438, 1003, 1050, 1055, 3, 1712865272281);
INSERT OR IGNORE INTO historique (`date`, `id_map`, `id_ile1`, `id_ile2`, `action`, `avant`) VALUES (1712865272868, 1003, 1055, 1056, 2, 1712865272438);
INSERT OR IGNORE INTO sauvegarde (id_profil, nom, reference) VALUES (1, 'Unite 4', 1712865272868);
INSERT OR IGNORE INTO historique (`date`, `id_map`, `id_ile1`, `id_ile2`, `action`) VALUES (1712865496821, 1004, 0, 0, 0);
INSERT OR IGNORE INTO historique (`date`, `id_map`, `id_ile1`, `id_ile2`, `action`, `avant`) VALUES (1712865497747, 1004, 1061, 1065, 2, 1712865496821);
INSERT OR IGNORE INTO historique (`date`, `id_map`, `id_ile1`, `id_ile2`, `action`, `avant`) VALUES (1712865498240, 1004, 1064, 1065, 2, 1712865497747);
INSERT OR IGNORE INTO historique (`date`, `id_map`, `id_ile1`, `id_ile2`, `action`, `avant`) VALUES (1712865498683, 1004, 1065, 1070, 2, 1712865498240);
INSERT OR IGNORE INTO sauvegarde (id_profil, nom, reference) VALUES (1, 'Unite 6', 1712865498683);

-- Solution
INSERT OR IGNORE INTO historique (`date`, `id_map`, `id_ile1`, `id_ile2`, `action`) VALUES (1712872020552, 1, 0, 0, 0);
INSERT OR IGNORE INTO historique (`date`, `id_map`, `id_ile1`, `id_ile2`, `action`, `avant`) VALUES (1712872024008, 1, 38, 39, 2, 1712872020552);
INSERT OR IGNORE INTO historique (`date`, `id_map`, `id_ile1`, `id_ile2`, `action`, `avant`) VALUES (1712872024154, 1, 38, 39, 3, 1712872024008);
INSERT OR IGNORE INTO historique (`date`, `id_map`, `id_ile1`, `id_ile2`, `action`, `avant`) VALUES (1712872024895, 1, 37, 38, 2, 1712872024154);
INSERT OR IGNORE INTO historique (`date`, `id_map`, `id_ile1`, `id_ile2`, `action`, `avant`) VALUES (1712872025605, 1, 36, 37, 2, 1712872024895);
INSERT OR IGNORE INTO historique (`date`, `id_map`, `id_ile1`, `id_ile2`, `action`, `avant`) VALUES (1712872026479, 1, 35, 36, 2, 1712872025605);
INSERT OR IGNORE INTO historique (`date`, `id_map`, `id_ile1`, `id_ile2`, `action`, `avant`) VALUES (1712872026643, 1, 35, 36, 3, 1712872026479);
INSERT OR IGNORE INTO historique (`date`, `id_map`, `id_ile1`, `id_ile2`, `action`, `avant`) VALUES (1712872027541, 1, 35, 45, 2, 1712872026643);
INSERT OR IGNORE INTO historique (`date`, `id_map`, `id_ile1`, `id_ile2`, `action`, `avant`) VALUES (1712872028434, 1, 45, 54, 2, 1712872027541);
INSERT OR IGNORE INTO historique (`date`, `id_map`, `id_ile1`, `id_ile2`, `action`, `avant`) VALUES (1712872029052, 1, 54, 61, 2, 1712872028434);
INSERT OR IGNORE INTO historique (`date`, `id_map`, `id_ile1`, `id_ile2`, `action`, `avant`) VALUES (1712872029202, 1, 54, 61, 3, 1712872029052);
INSERT OR IGNORE INTO historique (`date`, `id_map`, `id_ile1`, `id_ile2`, `action`, `avant`) VALUES (1712872030341, 1, 61, 62, 2, 1712872029202);
INSERT OR IGNORE INTO historique (`date`, `id_map`, `id_ile1`, `id_ile2`, `action`, `avant`) VALUES (1712872031841, 1, 62, 63, 2, 1712872030341);
INSERT OR IGNORE INTO historique (`date`, `id_map`, `id_ile1`, `id_ile2`, `action`, `avant`) VALUES (1712872033353, 1, 63, 64, 2, 1712872031841);
INSERT OR IGNORE INTO historique (`date`, `id_map`, `id_ile1`, `id_ile2`, `action`, `avant`) VALUES (1712872034729, 1, 55, 64, 2, 1712872033353);
INSERT OR IGNORE INTO historique (`date`, `id_map`, `id_ile1`, `id_ile2`, `action`, `avant`) VALUES (1712872034896, 1, 55, 64, 3, 1712872034729);
INSERT OR IGNORE INTO historique (`date`, `id_map`, `id_ile1`, `id_ile2`, `action`, `avant`) VALUES (1712872035360, 1, 47, 55, 2, 1712872034896);
INSERT OR IGNORE INTO historique (`date`, `id_map`, `id_ile1`, `id_ile2`, `action`, `avant`) VALUES (1712872036918, 1, 46, 47, 2, 1712872035360);
INSERT OR IGNORE INTO historique (`date`, `id_map`, `id_ile1`, `id_ile2`, `action`, `avant`) VALUES (1712872039355, 1, 65, 66, 2, 1712872036918);
INSERT OR IGNORE INTO historique (`date`, `id_map`, `id_ile1`, `id_ile2`, `action`, `avant`) VALUES (1712872039896, 1, 66, 67, 2, 1712872039355);
INSERT OR IGNORE INTO historique (`date`, `id_map`, `id_ile1`, `id_ile2`, `action`, `avant`) VALUES (1712872040365, 1, 67, 68, 2, 1712872039896);
INSERT OR IGNORE INTO historique (`date`, `id_map`, `id_ile1`, `id_ile2`, `action`, `avant`) VALUES (1712872041491, 1, 60, 68, 2, 1712872040365);
INSERT OR IGNORE INTO historique (`date`, `id_map`, `id_ile1`, `id_ile2`, `action`, `avant`) VALUES (1712872042001, 1, 50, 60, 2, 1712872041491);
INSERT OR IGNORE INTO historique (`date`, `id_map`, `id_ile1`, `id_ile2`, `action`, `avant`) VALUES (1712872043091, 1, 44, 50, 2, 1712872042001);
INSERT OR IGNORE INTO historique (`date`, `id_map`, `id_ile1`, `id_ile2`, `action`, `avant`) VALUES (1712872043278, 1, 44, 50, 3, 1712872043091);
INSERT OR IGNORE INTO historique (`date`, `id_map`, `id_ile1`, `id_ile2`, `action`, `avant`) VALUES (1712872044449, 1, 43, 44, 2, 1712872043278);
INSERT OR IGNORE INTO historique (`date`, `id_map`, `id_ile1`, `id_ile2`, `action`, `avant`) VALUES (1712872044603, 1, 43, 44, 3, 1712872044449);
INSERT OR IGNORE INTO historique (`date`, `id_map`, `id_ile1`, `id_ile2`, `action`, `avant`) VALUES (1712872047056, 1, 42, 43, 2, 1712872044603);
INSERT OR IGNORE INTO historique (`date`, `id_map`, `id_ile1`, `id_ile2`, `action`, `avant`) VALUES (1712872047221, 1, 42, 43, 3, 1712872047056);
INSERT OR IGNORE INTO historique (`date`, `id_map`, `id_ile1`, `id_ile2`, `action`, `avant`) VALUES (1712872050268, 1, 41, 42, 2, 1712872047221);
INSERT OR IGNORE INTO historique (`date`, `id_map`, `id_ile1`, `id_ile2`, `action`, `avant`) VALUES (1712872051991, 1, 40, 41, 2, 1712872050268);
INSERT OR IGNORE INTO historique (`date`, `id_map`, `id_ile1`, `id_ile2`, `action`, `avant`) VALUES (1712872053377, 1, 40, 48, 2, 1712872051991);
INSERT OR IGNORE INTO historique (`date`, `id_map`, `id_ile1`, `id_ile2`, `action`, `avant`) VALUES (1712872055342, 1, 48, 49, 2, 1712872053377);
INSERT OR IGNORE INTO historique (`date`, `id_map`, `id_ile1`, `id_ile2`, `action`, `avant`) VALUES (1712872055557, 1, 48, 49, 3, 1712872055342);
INSERT OR IGNORE INTO historique (`date`, `id_map`, `id_ile1`, `id_ile2`, `action`, `avant`) VALUES (1712872056468, 1, 41, 49, 2, 1712872055557);
INSERT OR IGNORE INTO historique (`date`, `id_map`, `id_ile1`, `id_ile2`, `action`, `avant`) VALUES (1712872056635, 1, 41, 49, 3, 1712872056468);
INSERT OR IGNORE INTO historique (`date`, `id_map`, `id_ile1`, `id_ile2`, `action`, `avant`) VALUES (1712872058669, 1, 48, 56, 2, 1712872056635);
INSERT OR IGNORE INTO historique (`date`, `id_map`, `id_ile1`, `id_ile2`, `action`, `avant`) VALUES (1712872058833, 1, 48, 56, 3, 1712872058669);
INSERT OR IGNORE INTO historique (`date`, `id_map`, `id_ile1`, `id_ile2`, `action`, `avant`) VALUES (1712872060600, 1, 56, 57, 2, 1712872058833);
INSERT OR IGNORE INTO historique (`date`, `id_map`, `id_ile1`, `id_ile2`, `action`, `avant`) VALUES (1712872060769, 1, 56, 57, 3, 1712872060600);
INSERT OR IGNORE INTO historique (`date`, `id_map`, `id_ile1`, `id_ile2`, `action`, `avant`) VALUES (1712872063080, 1, 57, 58, 2, 1712872060769);
INSERT OR IGNORE INTO historique (`date`, `id_map`, `id_ile1`, `id_ile2`, `action`, `avant`) VALUES (1712872063239, 1, 57, 58, 3, 1712872063080);
INSERT OR IGNORE INTO historique (`date`, `id_map`, `id_ile1`, `id_ile2`, `action`, `avant`) VALUES (1712872063860, 1, 57, 62, 2, 1712872063239);
INSERT OR IGNORE INTO historique (`date`, `id_map`, `id_ile1`, `id_ile2`, `action`, `avant`) VALUES (1712872064018, 1, 57, 62, 3, 1712872063860);
INSERT OR IGNORE INTO historique (`date`, `id_map`, `id_ile1`, `id_ile2`, `action`, `avant`) VALUES (1712872064830, 1, 58, 63, 2, 1712872064018);
INSERT OR IGNORE INTO historique (`date`, `id_map`, `id_ile1`, `id_ile2`, `action`, `avant`) VALUES (1712872064982, 1, 58, 63, 3, 1712872064830);
INSERT OR IGNORE INTO historique (`date`, `id_map`, `id_ile1`, `id_ile2`, `action`, `avant`) VALUES (1712872066348, 1, 52, 58, 2, 1712872064982);
INSERT OR IGNORE INTO historique (`date`, `id_map`, `id_ile1`, `id_ile2`, `action`, `avant`) VALUES (1712872066506, 1, 52, 58, 3, 1712872066348);
INSERT OR IGNORE INTO historique (`date`, `id_map`, `id_ile1`, `id_ile2`, `action`, `avant`) VALUES (1712872067506, 1, 51, 52, 2, 1712872066506);
INSERT OR IGNORE INTO historique (`date`, `id_map`, `id_ile1`, `id_ile2`, `action`, `avant`) VALUES (1712872068658, 1, 42, 52, 2, 1712872067506);
INSERT OR IGNORE INTO historique (`date`, `id_map`, `id_ile1`, `id_ile2`, `action`, `avant`) VALUES (1712872068795, 1, 42, 52, 3, 1712872068658);
INSERT OR IGNORE INTO historique (`date`, `id_map`, `id_ile1`, `id_ile2`, `action`, `avant`) VALUES (1712872070209, 1, 52, 53, 2, 1712872068795);
INSERT OR IGNORE INTO historique (`date`, `id_map`, `id_ile1`, `id_ile2`, `action`, `avant`) VALUES (1712872070354, 1, 52, 53, 3, 1712872070209);
INSERT OR IGNORE INTO historique (`date`, `id_map`, `id_ile1`, `id_ile2`, `action`, `avant`) VALUES (1712872071561, 1, 53, 59, 2, 1712872070354);
INSERT OR IGNORE INTO historique (`date`, `id_map`, `id_ile1`, `id_ile2`, `action`, `avant`) VALUES (1712872071714, 1, 53, 59, 3, 1712872071561);
INSERT OR IGNORE INTO sauvegarde (id_profil, nom, reference) VALUES (1, 'Solution 1', 1712872071714);
INSERT OR IGNORE INTO historique (`date`, `id_map`, `id_ile1`, `id_ile2`, `action`) VALUES (1712880118671, 2, 0, 0, 0);
INSERT OR IGNORE INTO historique (`date`, `id_map`, `id_ile1`, `id_ile2`, `action`, `avant`) VALUES (1712880120321, 2, 69, 70, 2, 1712880118671);
INSERT OR IGNORE INTO historique (`date`, `id_map`, `id_ile1`, `id_ile2`, `action`, `avant`) VALUES (1712880121149, 2, 70, 71, 2, 1712880120321);
INSERT OR IGNORE INTO historique (`date`, `id_map`, `id_ile1`, `id_ile2`, `action`, `avant`) VALUES (1712880121317, 2, 70, 71, 3, 1712880121149);
INSERT OR IGNORE INTO historique (`date`, `id_map`, `id_ile1`, `id_ile2`, `action`, `avant`) VALUES (1712880122130, 2, 71, 75, 2, 1712880121317);
INSERT OR IGNORE INTO historique (`date`, `id_map`, `id_ile1`, `id_ile2`, `action`, `avant`) VALUES (1712880122296, 2, 71, 75, 3, 1712880122130);
INSERT OR IGNORE INTO historique (`date`, `id_map`, `id_ile1`, `id_ile2`, `action`, `avant`) VALUES (1712880123098, 2, 75, 84, 2, 1712880122296);
INSERT OR IGNORE INTO historique (`date`, `id_map`, `id_ile1`, `id_ile2`, `action`, `avant`) VALUES (1712880123873, 2, 83, 84, 2, 1712880123098);
INSERT OR IGNORE INTO historique (`date`, `id_map`, `id_ile1`, `id_ile2`, `action`, `avant`) VALUES (1712880124666, 2, 82, 83, 2, 1712880123873);
INSERT OR IGNORE INTO historique (`date`, `id_map`, `id_ile1`, `id_ile2`, `action`, `avant`) VALUES (1712880125373, 2, 81, 82, 2, 1712880124666);
INSERT OR IGNORE INTO historique (`date`, `id_map`, `id_ile1`, `id_ile2`, `action`, `avant`) VALUES (1712880125567, 2, 81, 82, 3, 1712880125373);
INSERT OR IGNORE INTO historique (`date`, `id_map`, `id_ile1`, `id_ile2`, `action`, `avant`) VALUES (1712880126405, 2, 76, 81, 2, 1712880125567);
INSERT OR IGNORE INTO historique (`date`, `id_map`, `id_ile1`, `id_ile2`, `action`, `avant`) VALUES (1712880126577, 2, 76, 81, 3, 1712880126405);
INSERT OR IGNORE INTO historique (`date`, `id_map`, `id_ile1`, `id_ile2`, `action`, `avant`) VALUES (1712880127336, 2, 72, 76, 2, 1712880126577);
INSERT OR IGNORE INTO historique (`date`, `id_map`, `id_ile1`, `id_ile2`, `action`, `avant`) VALUES (1712880127530, 2, 72, 76, 3, 1712880127336);
INSERT OR IGNORE INTO historique (`date`, `id_map`, `id_ile1`, `id_ile2`, `action`, `avant`) VALUES (1712880128206, 2, 72, 73, 2, 1712880127530);
INSERT OR IGNORE INTO historique (`date`, `id_map`, `id_ile1`, `id_ile2`, `action`, `avant`) VALUES (1712880128436, 2, 72, 73, 3, 1712880128206);
INSERT OR IGNORE INTO historique (`date`, `id_map`, `id_ile1`, `id_ile2`, `action`, `avant`) VALUES (1712880131844, 2, 73, 74, 2, 1712880128436);
INSERT OR IGNORE INTO historique (`date`, `id_map`, `id_ile1`, `id_ile2`, `action`, `avant`) VALUES (1712880132629, 2, 74, 80, 2, 1712880131844);
INSERT OR IGNORE INTO historique (`date`, `id_map`, `id_ile1`, `id_ile2`, `action`, `avant`) VALUES (1712880132796, 2, 74, 80, 3, 1712880132629);
INSERT OR IGNORE INTO historique (`date`, `id_map`, `id_ile1`, `id_ile2`, `action`, `avant`) VALUES (1712880134069, 2, 79, 80, 2, 1712880132796);
INSERT OR IGNORE INTO historique (`date`, `id_map`, `id_ile1`, `id_ile2`, `action`, `avant`) VALUES (1712880134953, 2, 77, 82, 2, 1712880134069);
INSERT OR IGNORE INTO historique (`date`, `id_map`, `id_ile1`, `id_ile2`, `action`, `avant`) VALUES (1712880135736, 2, 73, 77, 2, 1712880134953);
INSERT OR IGNORE INTO historique (`date`, `id_map`, `id_ile1`, `id_ile2`, `action`, `avant`) VALUES (1712880136644, 2, 76, 77, 2, 1712880135736);
INSERT OR IGNORE INTO historique (`date`, `id_map`, `id_ile1`, `id_ile2`, `action`, `avant`) VALUES (1712880137782, 2, 77, 78, 2, 1712880136644);
INSERT OR IGNORE INTO historique (`date`, `id_map`, `id_ile1`, `id_ile2`, `action`, `avant`) VALUES (1712880137964, 2, 77, 78, 3, 1712880137782);
INSERT OR IGNORE INTO sauvegarde (id_profil, nom, reference) VALUES (1, 'Solution 2', 1712880137964);